series,operator,circle
9000,AT,AP
9001,AT,RJ
9002,AT,WB
9003,AT,TN
9004,AT,MU
9005,AT,UE
9006,AT,BR
9007,AT,KO
9008,AT,KA
9009,VI,MP
9010,VI,AP
9011,VI,MH
9012,VI,UW
9013,CG,DL
9014,RJ,AP
9015,RJ,HP
9016,RJ,GJ
9017,,
9018,,
9019,RJ,KA
9020,,
9021,RJ,MH
9022,RJ,MH
9023,RJ,GJ
9024,RJ,RJ
9025,RJ,TN
9026,RJ,UE
9027,RJ,UW
9028,AT,MH
9029,AT,MU
9030,AT,AP
9031,AT,BR
9032,AT,AP
9033,AT,GJ
9034,AT,HR
9035,AT,KA
9036,AT,KA
9037,AT,KL
9038,AT,KO
9039,AT,MP
9040,AT,OR
9041,AT,PB
9042,AT,TN
9043,AT,TN
9044,AT,UE
9045,AT,UW
9046,AT,WB
9047,VI,TN
9048,VI,KL
9049,VI,MH
9050,VI,HR
9051,VI,KO
9052,VI,AP
9053,AT,HR
9054,AT,HP
9055,AT,JK
9056,AT,PB
9057,AT,RJ
9058,AT,UW
9059,AT,AP
9060,AT,BR
9061,AT,KL
9062,AT,KO
9063,VI,AP
9064,VI,AS
9065,,
9066,,
9067,,
9068,AT,UW
9069,,
9070,VI,JK
9071,VI,KA
9072,VI,KL
9073,VI,KO
9074,RJ,KL
9075,VI,MH
9076,,
9077,,
9078,,
9079,RJ,RJ
9080,RJ,TN
9081,,
9082,,
9083,,
9084,AT,UW
9085,VI,AS
9086,VI,JK
9087,VI,TN
9088,VI,KO
9089,VI,NE
9090,VI,OR
9091,VI,WB
9092,VI,TN
9093,VI,WB
9094,AT,TN
9095,,
9096,AT,MH
9097,,
9098,,
9099,VI,GJ
9100,AT,AP
9101,RJ,AS
9102,AT,BR
9103,AT,AP
9104,AT,GJ
9105,,
9106,,
9107,,
9108,AT,KA
9109,AT,MP
9110,RJ,KA
9111,VI,MP
9112,VI,MH
9113,RJ,KA
9114,,
9115,,
9116,,
9117,VI,BR
9118,,
9119,,
9120,,
9121,AT,AP
9122,AT,BR
9123,RJ,KO
9124,AT,OR
9125,AT,UE
9126,AT,WB
9127,,
9128,VI,BR
9129,AT,UE
9130,VI,MH
9131,RJ,MP
9132,,
9133,,
9134,,
9135,VI,BR
9136,AT,MU
9137,RJ,MU
9138,AT,HR
9139,,
9140,RJ,UE
9141,CG,KA
9142,RJ,BR
9143,,
9144,,
9145,,
9146,VI,MH
9147,AT,KO
9148,AT,KA
9149,RJ,JK
9150,AT,TN
9151,AT,UE
9152,VI,MU
9153,,
9154,AT,AP
9155,AT,BR
9156,AT,MH
9157,AT,GJ
9158,VI,MH
9159,VI,TN
9160,VI,AP
9161,VI,UE
9162,AT,BR
9163,AT,KO
9164,VI,KA
9165,AT,MP
9166,AT,RJ
9167,VI,MU
9168,VI,MH
9169,,
9170,AT,UE
9171,AT,TN
9172,AT,MU
9173,AT,GJ
9174,AT,MP
9175,AT,MH
9176,VI,TN
9177,AT,AP
9178,AT,OR
9179,AT,MP
9180,CG,AP
9181,CG,AS
9182,RJ,AP
9183,CG,TN
9184,CG,GJ
9185,CG,HP
9186,CG,JK
9187,CG,KA
9188,CG,KL
9189,CG,KO
9190,CG,MP
9191,CG,NE
9192,CG,OR
9193,CG,PB
9194,CG,RJ
9195,CG,TN
9196,CG,UE
9197,CG,WB
9198,AT,UE
9199,AT,BR
9200,AT,MP
9201,RJ,MP
9202,RJ,MP
9203,RJ,MP
9204,RJ,BR
9205,AT,DL
9206,,
9207,VI,KL
9208,,
9209,,
9210,,
9211,,
9212,,
9213,,
9214,RJ,UE
9215,RJ,GJ
9216,AT,RJ
9217,,
9218,RJ,DL
9219,RJ,UE
9220,,
9221,,
9222,,
9223,,
9224,RJ,MU
9225,,
9226,RJ,MH
9227,RJ,GJ
9228,,
9229,RJ,BR
9230,RJ,KO
9231,,
9232,,
9233,AT,NE
9234,RJ,BR
9235,RJ,UE
9236,RJ,UE
9237,RJ,OR
9238,RJ,MP
9239,RJ,WB
9240,AT,TN
9241,RJ,BR
9242,RJ,WB
9243,,
9244,RJ,MP
9245,RJ,NE
9246,,
9247,,
9248,,
9249,RJ,KL
9250,RJ,UE
9251,RJ,RJ
9252,RJ,RJ
9253,,
9254,RJ,HR
9255,CG,MU
9256,AT,RJ
9257,AT,RJ
9258,,
9259,RJ,UW
9260,,
9261,RJ,RJ
9262,AT,BR
9263,RJ,BR
9264,,
9265,RJ,GJ
9266,AT,DL
9267,AT,UP
9268,,
9269,RJ,RJ
9270,RJ,MH
9271,,
9272,RJ,MH
9273,RJ,MH
9274,RJ,GJ
9275,,
9276,RJ,GJ
9277,RJ,UE
9278,RJ,UE
9279,RJ,BR
9280,RJ,TN
9281,RJ,AP
9282,,
9283,,
9284,RJ,MH
9285,VI,
9286,,
9287,RJ,AS
9288,,
9289,,
9290,,
9291,,
9292,,
9293,,
9294,,
9295,,
9296,RJ,BR
9297,,
9298,RJ,NE
9299,,
9300,,
9301,RJ,MP
9302,RJ,MP
9303,,
9304,RJ,BR
9305,RJ,UE
9306,RJ,HR
9307,,
9308,RJ,OR
9309,RJ,MH
9310,RJ,DL
9311,AT,DL
9312,,
9313,RJ,GJ
9314,,
9315,RJ,DL
9316,RJ,GJ
9317,RJ,HP
9318,RJ,DL
9319,AT,DL
9320,,
9321,RJ,MU
9322,RJ,MH
9323,,
9324,RJ,MU
9325,RJ,MH
9326,RJ,MU
9327,RJ,GJ
9328,RJ,GJ
9329,,
9330,RJ,KO
9331,,
9332,,
9333,,
9334,RJ,BR
9335,RJ,UE
9336,RJ,UE
9337,RJ,OR
9338,,
9339,,
9340,RJ,MP
9341,RJ,BR
9342,RJ,TN
9343,RJ,MP
9344,RJ,TN
9345,RJ,TN
9346,RJ,AP
9347,RJ,AP
9348,RJ,OR
9349,RJ,KL
9350,RJ,HR
9351,,
9352,,
9353,RJ,KA
9354,RJ,DL
9355,VI,DL
9356,RJ,MH
9357,,
9358,AT,RJ
9359,RJ,MH
9360,RJ,TN
9361,,
9362,,
9363,,
9364N,,
9365,,
9366,,
9367N,,
9368,RJ,UW
9369,RJ,UE
9370,RJ,MH
9371,VI,MH
9372,RJ,MU
9373,RJ,MH
9374,VI,RJ
9375,VI,RJ
9376,VI,RJ
9377,,
9378,AT,NE
9379,,
9380,RJ,KA
9381,RJ,AP
9382,RJ,WB
9383,CG,KL
9384,AT,TN
9385,CG,TN
9386,,
9387,,
9388,,
9389,RJ,UW
9390,RJ,AP
9391,RJ,AP
9392,RJ,AP
9393,,
9394,,
9395,,
9396,,
9397,,
9398,RJ,AP
9399,,
9400,CG,KL
9401,CG,AS
9402,CG,NE
9403,CG,MH
9404,CG,MH
9405,CG,MH
9406,CG,MP
9407,CG,MP
9408,CG,GJ
9409,CG,GJ
9410,CG,UW
9411,CG,UW
9412,CG,UW
9413,CG,RJ
9414,CG,RJ
9415,CG,UE
9416,CG,HR
9417,CG,PB
9418,CG,HP
9419,CG,JK
9420,CG,MH
9421,CG,MH
9422,CG,MH
9423,CG,MH
9424,CG,MP
9425,CG,MP
9426,CG,GJ
9427,CG,GJ
9428,CG,GJ
9429,CG,GJ
9430,CG,BR
9431,CG,BR
9432,CG,KO
9433,CG,KO
9434,CG,WB
9435,CG,AS
9436,CG,NE
9437,CG,OR
9438,CG,OR
9439,CG,OR
9440,CG,AP
9441,CG,AP
9442,CG,TN
9443,CG,TN
9444,CG,TN
9445,CG,TN
9446,CG,KL
9447,CG,KL
9448,CG,KA
9449,CG,KA
9450,CG,UE
9451,CG,UE
9452,CG,UE
9453,CG,UE
9454,CG,UE
9455,CG,UE
9456,CG,UW
9457,CG,UW
9458,CG,UW
9459,CG,HP
9460,CG,RJ
9461,CG,RJ
9462,CG,RJ
9463,CG,PB
9464,CG,PB
9465,CG,PB
9466,CG,HR
9467,CG,HR
9468,CG,HR
9469,CG,JK
9470,CG,BR
9471,CG,BR
9472,CG,BR
9473,CG,UE
9474,CG,WB
9475,CG,WB
9476,CG,WB
9477,CG,KO
9478,CG,PB
9479,CG,MP
9480,CG,KA
9481,CG,KA
9482,CG,KA
9483,CG,KA
9484,CG,JK
9485,CG,NE
9486,CG,TN
9487,CG,TN
9488,CG,TN
9489,CG,TN
9490,CG,AP
9491,CG,AP
9492,CG,AP
9493,CG,AP
9494,CG,AP
9495,CG,KL
9496,CG,KL
9497,CG,KL
9498,CG,TN
9499,CG,TN
9500,AT,TN
9501,AT,PB
9502,AT,AP
9503,AT,MH
9504,,
9505,VI,AP
9506,VI,UE
9507,VI,BR
9508,RJ,BR
9509,RJ,RJ
9510,RJ,GJ
9511,RJ,MH
9512,VI,GJ
9513,VI,KA
9514,,
9515,AT,AP
9516,,
9517,,
9518,RJ,MH
9519,,
9520,,
9521,,
9522,,
9523,,
9524,,
9525,VI,BR
9526,VI,KL
9527,VI,MH
9528,RJ,UW
9529,RJ,MH
9530,CG,RJ
9531,CG,WB
9532,CG,UE
9533,,
9534,VI,BR
9535,AT,KA
9536,VI,UW
9537,VI,GJ
9538,VI,KA
9539,VI,KL
9540,VI,DL
9541,AT,JK
9542,VI,AP
9543,,
9544,VI,KL
9545,VI,MH
9546,AT,BR
9547,AT,WB
9548,RJ,UW
9549,VI,RJ
9550,AT,AP
9551,,
9552,VI,MH
9553,VI,AP
9554,VI,UE
9555,RJ,UE
9556,AT,OR
9557,AT,UW
9558,AT,GJ
9559,AT,UE
9560,AT,DL
9561,AT,MH
9562,VI,KL
9563,,
9564,VI,WB
9565,VI,UE
9566,AT,TN
9567,AT,KL
9568,VI,UW
9569,RJ,UE
9570,VI,BR
9571,AT,RJ
9572,AT,BR
9573,AT,AP
9574,VI,GJ
9575,VI,MP
9576,VI,BR
9577,,
9578,,
9579,RJ,MH
9580,RJ,UE
9581,VI,AP
9582,VI,DL
9583,VI,OR
9584,VI,MP
9585,VI,TN
9586,VI,GJ
9587,VI,RJ
9588,RJ,HR
9589,AT,MP
9590,,
9591,AT,KA
9592,VI,PB
9593,VI,WB
9594,VI,MU
9595,,
9596,AT,JK
9597,AT,TN
9598,VI,UE
9599,AT,DL
9600,AT,TN
9601,AT,GJ
9602,AT,RJ
9603,VI,AP
9604,VI,MH
9605,VI,KL
9606,AT,KA
9607,,
9608,RJ,BR
9609,VI,WB
9610,VI,RJ
9611,AT,KA
9612,AT,NE
9613,,
9614,,
9615,,
9616,VI,UE
9617,VI,MP
9618,AT,AP
9619,VI,MU
9620,VI,KA
9621,AT,UE
9622,AT,JK
9623,VI,MH
9624,VI,GJ
9625,RJ,DL
9626,VI,TN
9627,VI,UW
9628,VI,UE
9629,AT,TN
9630,AT,MP
9631,AT,BR
9632,AT,KA
9633,AT,KL
9634,AT,UW
9635,AT,WB
9636,AT,RJ
9637,VI,MH
9638,VI,GJ
9639,VI,UW
9640,VI,AP
9641,RJ,WB
9642,VI,AP
9643,VI,DL
9644,VI,MP
9645,VI,KL
9646,VI,PB
9647,VI,WB
9648,VI,UE
9649,VI,RJ
9650,AT,DL
9651,AT,UE
9652,AT,AP
9653,RJ,UE
9654,VI,DL
9655,VI,TN
9656,VI,KL
9657,VI,MH
9658R,,
9659,,
9660,AT,RJ
9661,AT,BR
9662,AT,GJ
9663,AT,KA
9664,RJ,GJ
9665,AT,MH
9666,VI,AP
9667,AT,DL
9668,AT,OR
9669,VI,MP
9670,VI,UE
9671,VI,HR
9672,VI,RJ
9673,VI,MH
9674,VI,KO
9675,VI,UW
9676,AT,AP
9677,AT,TN
9678,AT,AS
9679,AT,WB
9680,AT,RJ
9681,,
9682,RJ,JK
9683,CG,HR
9684,CG,MH
9685,AT,MP
9686,AT,KA
9687,VI,GJ
9688,,
9689,VI,MH
9690,VI,UW
9691,RJ,MP
9692,RJ,OR
9693,RJ,BR
9694,VI,RJ
9695,AT,UE
9696,RJ,UE
9697,,
9698,,
9699,,
9700,AT,AP
9701,VI,MU
9702,VI,AP
9703,AT,AP
9704,VI,AP
9705,VI,AS
9706,AT,AS
9707,VI,BR
9708,VI,BR
9709,,
9710,VI,DL
9711,VI,GJ
9712,VI,MP
9713,VI,GJ
9714,,
9715,,
9716,AT,DL
9717,VI,DL
9718,VI,UW
9719,VI,UW
9720,VI,UE
9721,,
9722,VI,GJ
9723,AT,GJ
9724,AT,GJ
9725,VI,GJ
9726,VI,GJ
9727,VI,HR
9728,AT,HR
9729,AT,MH
9730,AT,KA
9731,VI,WB
9732,VI,WB
9733,VI,WB
9734,VI,WB
9735,VI,HP
9736,VI,GJ
9737,,
9738,VI,KA
9739,AT,KA
9740,AT,KA
9741,VI,KA
9742,VI,KA
9743,VI,KL
9744,VI,KL
9745,AT,KL
9746,VI,KL
9747,AT,KO
9748,RJ,WB
9749,,
9750,VI,TN
9751,AT,MP
9752,VI,MP
9753,VI,MP
9754,AT,MP
9755,VI,UW
9756,,
9757,VI,UW
9758,VI,UW
9759,AT,UW
9760,VI,UW
9761,,
9762,VI,MH
9763,VI,MH
9764,VI,MH
9765,AT,MH
9766,VI,MH
9767,,
9768,VI,MU
9769,RJ,MP
9770,AT,BR
9771,VI,RJ
9772,AT,DL
9773,VI,NE
9774,VI,WB
9775,VI,OR
9776,AT,OR
9777,RJ,KL
9778,AT,PB
9779,VI,PB
9780,VI,PB
9781,,
9782,VI,RJ
9783,AT,TN
9784,VI,RJ
9785,VI,TN
9786,VI,TN
9787,,
9788,AT,TN
9789,AT,TN
9790,AT,TN
9791,VI,UE
9792,AT,UE
9793,AT,UE
9794,VI,UE
9795,VI,JK
9796,AT,JK
9797,RJ,BR
9798,AT,RJ
9799,,
9800,AT,WB
9801,AT,BR
9802,,
9803,,
9804,,
9805,AT,HP
9806,,
9807,,
9808,,
9809,,
9810,AT,DL
9811,VI,DL
9812,VI,HR
9813,VI,HR
9814,VI,PB
9815,AT,PB
9816,AT,HP
9817,RJ,HR
9818,AT,DL
9819,VI,MU
9820,VI,MU
9821,AT,DL
9822,VI,MH
9823,VI,MH
9824,VI,GJ
9825,VI,GJ
9826,VI,MP
9827,RJ,OR
9828,VI,RJ
9829,AT,RJ
9830,VI,KO
9831,AT,KO
9832,RJ,WB
9833,VI,MU
9834,AT,MH
9835,RJ,BR
9836,VI,KO
9837,VI,UW
9838,VI,UE
9839,VI,UE
9840,AT,TN
9841,,
9842,RJ,AS
9843,VI,TN
9844,VI,KA
9845,AT,KA
9846,VI,KL
9847,VI,KL
9848,VI,AP
9849,AT,AP
9850,VI,MH
9851,,
9852,,
9853,,
9854,,
9855,VI,PB
9856,,
9857,,
9858,,
9859,,
9860,AT,MH
9861,RJ,OR
9862,AT,NE
9863,RJ,NE
9864,RJ,AS
9865,RJ,KA
9866,AT,AP
9867,AT,MU
9868,,
9869,,
9870,AT,DL
9871,AT,DL
9872,AT,PB
9873,VI,DL
9874,VI,KO
9875,RJ,KO
9876,AT,PB
9877,RJ,PB
9878,AT,PB
9879,VI,GJ
9880,AT,KA
9881,VI,MH
9882,VI,HP
9883,RJ,WB
9884,VI,TN
9885,VI,AP
9886,VI,KA
9887,VI,RJ
9888,VI,PB
9889,VI,UE
9890,AT,MH
9891,VI,DL
9892,AT,MU
9893,AT,MP
9894,AT,TN
9895,AT,KL
9896,AT,HR
9897,AT,UW
9898,AT,GJ
9899,VI,DL
9900,AT,KA
9901,AT,KA
9902,AT,KA
9903,AT,KO
9904,VI,GJ
9905,RJ,BR
9906,AT,JK
9907,RJ,WB
9908,AT,AP
9909,VI,GJ
9910,AT,DL
9911,VI,DL
9912,VI,AP
9913,VI,GJ
9914,VI,PB
9915,AT,PB
9916,VI,KA
9917,VI,UW
9918,VI,UE
9919,VI,UE
9920,VI,MU
9921,VI,MH
9922,VI,MH
9923,VI,MH
9924,VI,GJ
9925,VI,GJ
9926,VI,MP
9927,VI,UW
9928,AT,RJ
9929,AT,RJ
9930,AT,MU
9931,AT,BR
9932,AT,WB
9933,AT,WB
9934,AT,BR
9935,AT,UE
9936,AT,UE
9937,AT,OR
9938,AT,OR
9939,AT,BR
9940,AT,TN
9941,AT,TN
9942,RJ,BR
9943,VI,TN
9944,AT,TN
9945,AT,KA
9946,VI,KL
9947,VI,KL
9948,VI,AP
9949,AT,AP
9950,AT,RJ
9951,,
9952,AT,TN
9953,VI,DL
9954,AT,AS
9955,AT,BR
9956,AT,UE
9957,AT,AS
9958,AT,DL
9959,AT,AP
9960,AT,MH
9961,VI,KL
9962,VI,TN
9963,AT,AP
9964,VI,KA
9965,,
9966,VI,AP
9967,AT,MU
9968,,
9969,,
9970,AT,MH
9971,AT,DL
9972,AT,KA
9973,AT,BR
9974,AT,GJ
9975,AT,MH
9976,,
9977,VI,MP
9978,VI,GJ
9979,VI,GJ
9980,AT,KA
9981,AT,MP
9982,VI,RJ
9983,VI,RJ
9984,VI,UE
9985,VI,AP
9986,VI,KA
9987,AT,MU
9988,VI,PB
9989,AT,AP
9990,VI,DL
9991,VI,HR
9992,VI,HR
9993,AT,MP
9994,AT,TN
9995,AT,KL
9996,AT,HR
9997,AT,UW
9998,AT,GJ
9999,VI,DL
8000.0,,
8001.0,VI,WB
8002.0,AT,BR
8003.0,AT,RJ
8004.0,CG,UE
8005.0,CG,UE
8006.0,VI,UW
8007.0,VI,MH
8008.0,AT,AP
8009.0,AT,UE
8010.0,RJ,MH
8011.0,AT,AS
8012.0,,
8013.0,,
8014.0,,
8015.0,,
8016.0,AT,WB
8017.0,VI,KO
8018.0,AT,OR
8019.0,,
8020.0,,
8021.0,,
8022.0,,
8023.0,,
8024.0,,
8025.0,,
8026.0,,
8027.0,,
8028.0,,
8029.0,,
8030.0,,
8031.0,,
8032.0,,
8033.0,,
8034.0,,
8035.0,,
8036.0,,
8037.0,,
8038.0,,
8039.0,,
8040.0,,
8041.0,,
8042.0,,
8043.0,,
8044.0,,
8045.0,,
8046.0,,
8047.0,,
8048.0,,
8049.0,,
8050.0,,
8051.0,VI,BR
8052.0,VI,UE
8053.0,VI,HR
8054.0,VI,PB
8055.0,,
8056.0,AT,TN
8057.0,VI,UW
8058.0,VI,RJ
8059.0,VI,HR
8060.0,,
8061.0,,
8062.0,,
8063.0,,
8064.0,,
8065.0,,
8066.0,,
8067.0,,
8068.0,,
8069.0,,
8070.0,,
8071.0,,
8072.0,RJ,TN
8073.0,RJ,KA
8074.0,RJ,AP
8075.0,RJ,KL
8076.0,RJ,DL
8077.0,RJ,UW
8078.0,CG,KL
8079.0,,
8080.0,,
8081.0,RJ,UE
8082.0,,
8083.0,,
8084.0,AT,BR
8085.0,AT,MP
8086.0,VI,KL
8087.0,,
8088.0,,
8089.0,AT,KL
8090.0,,
8091.0,,
8092.0,,
8093.0,,
8094.0,VI,RJ
8095.0,VI,KA
8096.0,VI,AP
8097.0,,
8098.0,VI,TN
8099.0,,
8100.0,,
8101.0,,
8102.0,RJ,BR
8103.0,,
8104.0,RJ,MU
8105.0,AT,KA
8106.0,AT,AP
8107.0,AT,RJ
8108.0,VI,MU
8109.0,,
8110.0,,
8111.0,VI,KL
8112.0,RJ,RJ
8113.0,VI,KL
8114.0,AT,OR
8115.0,AT,UE
8116.0,AT,WB
8117.0,,
8118.0,RJ,RJ
8119.0,AT,NE
8120.0,VI,MP
8121.0,CG,DL
8122.0,AT,TN
8123.0,,
8124.0,VI,TN
8125.0,,
8126.0,AT,UW
8127.0,AT,UE
8128.0,AT,GJ
8129.0,AT,KL
8130.0,AT,DL
8131.0,,
8132.0,,
8133.0,,
8134.0,,
8135.0,,
8136.0,AT,KL
8137.0,AT,KL
8138.0,AT,KL
8139.0,,
8140.0,VI,GJ
8141.0,VI,GJ
8142.0,VI,AP
8143.0,,
8144.0,RJ,OR
8145.0,VI,WB
8146.0,AT,PB
8147.0,,
8148.0,,
8149.0,,
8150.0,VI,KA
8151.0,VI,KA
8152.0,VI,KA
8153.0,,
8154.0,,
8155.0,,
8156.0,,
8157.0,VI,KL
8158.0,AT,WB
8159.0,AT,WB
8160.0,,
8161.0,,
8162.0,,
8163.0,,
8164.0,,
8165.0,,
8166.0,,
8167.0,AT,WB
8168.0,RJ,HR
8169.0,RJ,MU
8170.0,AT,
8171.0,AT,UW
8172.0,,
8173.0,,
8174.0,,
8175.0,,
8176.0,,
8177.0,AT,MH
8178.0,RJ,DL
8179.0,AT,AP
8180.0,AT,MH
8181.0,,
8182.0,,
8183.0,,
8184.0,VI,AP
8185.0,VI,AP
8186.0,VI,AP
8187.0,VI,AP
8188.0,,
8189.0,,
8190.0,,
8191.0,VI,UW
8192.0,,
8193.0,,
8194.0,VI,PB
8195.0,VI,PB
8196.0,VI,PB
8197.0,AT,KA
8198.0,VI,PB
8199.0,VI,HR
8200.0,RJ,GJ
8201.0,,
8202.0,,
8203.0,,
8204.0,,
8205.0,,
8206.0,,
8207.0,VI,BR
8208.0,,MH
8209.0,,
8210.0,RJ,BR
8211.0,,
8212.0,,
8213.0,,
8214.0,,
8215.0,,
8216.0,,
8217.0,RJ,KA
8218.0,RJ,UW
8219.0,RJ,HP
8220.0,AT,TN
8221.0,VI,HR
8222.0,VI,HR
8223.0,VI,MP
8224.0,VI,MP
8225.0,VI,MP
8226.0,VI,MP
8227.0,VI,BR
8228.0,VI,BR
8229.0,VI,BR
8230.0,,
8231.0,,
8232.0,,
8233.0,,
8234.0,,
8235.0,,
8236.0,,
8237.0,,
8238.0,VI,GJ
8239.0,VI,RJ
8240.0,RJ,KO
8241.0,,
8242.0,,
8243.0,,
8244.0,,
8245.0,,
8246.0,,
8247.0,RJ,AP
8248.0,RJ,TN
8249.0,RJ,OR
8250.0,RJ,WB
8251.0,,
8252.0,RJ,BR
8253.0,,
8254.0,,
8255.0,,
8256.0,,
8257.0,,
8258.0,,
8259.0,,
8260.0,,
8261.0,,
8262.0,,
8263.0,,
8264.0,,
8265.0,,
8266.0,,
8267.0,,
8268.0,,
8269.0,,
8270.0,AT,OR
8271.0,AT,BR
8272.0,,
8273.0,AT,UW
8274.0,,
8275.0,CG,MH
8276.0,,
8277.0,CG,KA
8278.0,CG,HR
8279.0,RJ,UW
8280.0,CG,OR
8281.0,CG,KL
8282.0,,
8283.0,AT,PB
8284.0,AT,PB
8285.0,,
8286.0,,
8287.0,,
8288.0,AT,PB
8289.0,AT,PB
8290.0,AT,RJ
8291.0,AT,MU
8292.0,AT,BR
8293.0,,
8294.0,AT,BR
8295.0,AT,HR
8296.0,,
8297.0,VI,AP
8298.0,VI,BR
8299.0,RJ,UE
8300.0,,
8302.0,,
8303.0,,
8304.0,CG,KL
8305.0,,
8306.0,,
8307.0,,
8308.0,VI,MH
8309.0,RJ,AP
8310.0,RJ,KA
8311.0,,
8312.0,,
8313.0,,
8314.0,,
8315.0,,
8316.0,,
8317.0,VI,UW
8318.0,RJ,UE
8319.0,RJ,MP
8320.0,RJ,DL
8321.0,,
8322.0,,
8323.0,,
8324.0,,
8325.0,,
8326.0,,
8327.0,,
8328.0,RJ,AP
8329.0,RJ,MH
8330.0,CG,KL
8331.0,,
8332.0,,
8333.0,,
8334.0,VI,KO
8335.0,VI,KO
8336.0,VI,KO
8337.0,VI,KO
8338.0,VI,OR
8339.0,VI,OR
8340.0,RJ,BR
8341.0,AT,AP
8342.0,,
8343.0,,
8344.0,,
8345.0,,
8346.0,VI,WB
8347.0,VI,GJ
8348.0,VI,KO
8349.0,AT,MP
8350.0,,
8351.0,,
8352.0,,
8353.0,,
8354.0,,
8355.0,,
8356.0,,
8357.0,VI,MP
8358.0,VI,MP
8359.0,VI,MP
8360.0,RJ,PB
8361.0,,
8362.0,,
8363.0,,
8364.0,,
8365.0,,
8366.0,,
8367.0,VI,AP
8368.0,RJ,DL
8369.0,RJ,MU
8370.0,VI,WB
8371.0,,
8372.0,,
8373.0,VI,DL
8374.0,AT,AP
8375.0,VI,DL
8376.0,VI,DL
8377.0,VI,DL
8378.0,VI,MH
8379.0,VI,MH
8380.0,VI,MH
8381.0,,
8382.0,,
8383.0,RJ,DL
8384.0,RJ,DL
8385.0,,
8386.0,,
8387.0,,
8388.0,,
8389.0,,
8390.0,VI,MH
8391.0,,
8392.0,VI,UW
8393.0,VI,UW
8394.0,VI,UW
8395.0,VI,UW
8396.0,VI,HR
8397.0,VI,HR
8398.0,VI,HR
8399.0,,
8400.0,AT,UE
8401.0,,
8402.0,VI,AS
8403.0,VI,AS
8404.0,VI,BR
8405.0,VI,BR
8406.0,VI,BR
8407.0,VI,BR
8408.0,VI,MH
8409.0,AT,BR
8410.0,,
8411.0,VI,MH
8412.0,VI,MH
8413.0,,
8414.0,AT,NE
8415.0,,
8416.0,,
8417.0,,
8418.0,VI,UE
8419.0,,
8420.0,AT,KO
8421.0,AT,MH
8422.0,,
8423.0,AT,UE
8424.0,,
8425.0,VI,MU
8426.0,VI,RJ
8427.0,AT,PB
8428.0,AT,TN
8429.0,,
8430.0,,
8431.0,,
8432.0,,
8433.0,,
8434.0,AT,BR
8435.0,VI,MP
8436.0,AT,WB
8437.0,,
8438.0,,
8439.0,,
8440.0,,
8441.0,,
8442.0,,
8443.0,,
8444.0,,
8445.0,AT,UW
8446.0,,MH
8447.0,VI,DL
8448.0,AT,DL
8449.0,VI,UW
8450.0,,
8451.0,AT,MU
8452.0,,
8453.0,,
8454.0,AT,MU
8455.0,,
8456.0,,
8457.0,CG,KL
8458.0,,
8459.0,,
8460.0,,
8461.0,,
8462.0,,
8463.0,,
8464.0,,
8465.0,VI,AP
8466.0,,
8467.0,,
8468.0,,
8469.0,VI,GJ
8470.0,,
8471.0,,
8472.0,,
8473.0,AT,UW
8474.0,,
8475.0,,
8476.0,VI,UW
8477.0,VI,UW
8478.0,,
8479.0,,
8480.0,CG,OR
8481.0,,
8482.0,,
8483.0,AT,MH
8484.0,AT,MH
8485.0,AT,MH
8486.0,VI,AS
8487.0,,
8488.0,,
8489.0,VI,TN
8490.0,,
8491.0,,
8492.0,AT,JK
8493.0,,
8494.0,VI,KA
8495.0,VI,KA
8496.0,VI,KA
8497.0,VI,KA
8498.0,,
8499.0,VI,MU
8550.0,VI,KA
8551.0,VI,MH
8552.0,VI,MH
8553.0,,
8554.0,,
8555.0,RJ,AP
8556.0,,
8557.0,VI,PB
8558.0,VI,PB
8559.0,,
8560.0,,
8561.0,,
8562.0,,
8563.0,,
8564.0,,
8565.0,,
8566.0,,
8567.0,,
8568.0,,
8569.0,,
8570.0,AT,HR
8571.0,AT,HR
8572.0,AT,HR
8573.0,,
8574.0,AT,UE
8575.0,,
8576.0,,
8577.0,VI,UW
8578.0,VI,BR
8579.0,VI,BR
8580.0,,
8581.0,,
8582.0,AT,KO
8583.0,AT,KO
8584.0,AT,KO
8585.0,VI,DL
8586.0,VI,DL
8587.0,VI,DL
8588.0,VI,DL
8589.0,,
8590.0,RJ,KL
8591.0,,
8592.0,VI,KL
8593.0,,
8594.0,,
8595.0,RJ,DL
8596.0,,
8597.0,,
8598.0,,
8599.0,VI,OR
8650.0,,
8651.0,VI,BR
8652.0,VI,MH
8653.0,AT,WB
8654.0,,
8655.0,,
8656.0,,
8657.0,VI,MH
8658.0,AT,OR
8659.0,,
8660.0,RJ,KA
8661.0,,
8662.0,,
8663.0,,
8664.0,,
8665.0,,
8666.0,,
8667.0,RJ,TN
8668.0,RJ,MH
8669.0,VI,MH
8670.0,AT,WB
8671.0,,
8672.0,,
8673.0,,
8674.0,VI,BR
8675.0,,
8676.0,VI,BR
8677.0,VI,BR
8678.0,VI,BR
8679.0,,
8680.0,VI,TN
8681.0,VI,TN
8682.0,VI,TN
8683.0,VI,HR
8684.0,VI,HR
8685.0,VI,HR
8686.0,,
8687.0,,
8688.0,,
8689.0,VI,MU
8690.0,AT,RJ
8691.0,VI,MU
8692.0,,
8693.0,,
8694.0,,
8695.0,,
8696.0,VI,RJ
8697.0,VI,KO
8698.0,VI,MH
8699.0,AT,PB
,,
8750.0,VI,DL
8751.0,,
8752.0,CG,AP
8753.0,,
8754.0,AT,TN
8755.0,AT,UW
8756.0,AT,UE
8757.0,AT,BR
8758.0,VI,GJ
8759.0,,
8760.0,,
8761.0,,
8762.0,CC,KA
8763.0,CG,OR
8764.0,CG,RJ
8765.0,CG,UE
8766.0,RJ,DL
8767.0,,
8768.0,VI,WB
8769.0,AT,RJ
8770.0,RJ,MP
8771.0,,
8772.0,,
8773.0,,
8774.0,,
8775.0,,
8776.0,,
8777.0,RJ,KO
8778.0,RJ,TN
8779.0,RJ,MU
8780.0,RJ,GJ
8781.0,,
8782.0,,
8783.0,,
8784.0,,
8785.0,,
8786.0,,
8787.0,RJ,MH
8788.0,RJ,MH
8789.0,RJ,BR
8790.0,AT,AP
8791.0,,
8792.0,,
8793.0,,
8794.0,VI,NE
8795.0,VI,UE
8796.0,,
8797.0,,
8798.0,,
8799.0,,
8850.0,,
8851.0,RJ,DL
8964.0,,
8965.0,VI,MP
8966.0,,
8967.0,AT,WB
8968.0,AT,PB
8969.0,AT,BR
8970.0,VI,KA
8971.0,AT,KA
8972.0,AT,WB
8973.0,,
8974.0,AT,NE
8975.0,VI,MH
8976.0,,
8977.0,,
8978.0,AT,AP
8979.0,AT,UW
8980.0,VI,GJ
8981.0,,
8982.0,,
8983.0,,
8984.0,,
8985.0,CG,AP
8986.0,CG,BR
8987.0,CG,BR
8988.0,CG,HP
8989.0,CG,MP
8990.0,RJ,PB
8991.0,CG,MH
8992.0,CG,PB
8993.0,CG,RJ
8994.0,CG,TN
8995.0,CG,UW
8996.0,,
8997.0,AT,RJ
8998.0,,
8999.0,RJ,MH
8500.0,CG,AP
8501.0,VI,AP
8502.0,VI,RJ
8503.0,VI,RJ
8504.0,VI,RJ
8505.0,VI,DL
8506.0,VI,DL
8507.0,,
8508.0,,
8509.0,RJ,WB
8510.0,VI,DL
8511.0,AT,GJ
8512.0,VI,DL
8513.0,VI,WB
8514.0,VI,WB
8515.0,VI,WB
8516.0,VI,MP
8517.0,VI,MP
8518.0,VI,MP
8519.0,,
8520.0,,
8521.0,AT,BR
8522.0,AT,AP
8523.0,,
8524.0,,
8525.0,,
8526.0,,
8527.0,AT,DL
8528.0,AT,UE
8529.0,VI,HR
8530.0,AT,MH
8531.0,,
8532.0,AT,UW
8533.0,,
8534.0,,
8535.0,,
8536.0,VI,WB
8537.0,,
8538.0,AT,BR
8539.0,AT,BR
8540.0,AT,BR
8541.0,,
8542.0,,
8543.0,AT,UE
8544.0,CG,BR
8545.0,,
8546.0,VI,KA
8547.0,CG,KL
8548.0,VI,RJ
8549.0,VI,KA
8600.0,AT,MP
8601.0,VI,UE
8602.0,,
8603.0,,
8604.0,,
8605.0,VI,MH
8606.0,VI,KL
8607.0,VI,HR
8608.0,VI,TN
8609.0,VI,WB
8610.0,RJ,TN
8611.0,,
8612.0,,
8613.0,,
8614.0,,
8615.0,,
8616.0,,
8617.0,RJ,KO
8618.0,RJ,KA
8619.0,,
8620.0,,
8621.0,,
8622.0,,
8623.0,,
8624.0,,
8625.0,,
8626.0,,
8627.0,,
8628.0,,
8629.0,,
8630.0,RJ,UW
8631.0,,
8632.0,,
8633.0,,
8634.0,,
8635.0,,
8636.0,,
8637.0,,
8638.0,,
8639.0,RJ,AP
8640.0,RJ,DL
8641.0,,
8642.0,,
8643.0,,
8644.0,,
8645.0,,
8646.0,,
8647.0,RJ,UE
8648.0,RJ,HR
8649.0,RJ,BR
8700.0,,
8701.0,,
8702.0,,
8703.0,VI,JK
8704.0,AT,KL
8705.0,VI,JK
8706.0,VI,JK
8707.0,,
8708.0,,
8709.0,,
8710.0,,
8711.0,,
8712.0,VI,KA
8713.0,,
8714.0,VI,AS
8715.0,,
8716.0,VI,UE
8717.0,,
8718.0,VI,PB
8719.0,,
8720.0,,
8721.0,,
8722.0,,
8723.0,,
8724.0,,
8725.0,,
8726.0,,
8727.0,,
8728.0,,
8729.0,,
8730.0,,
8731.0,VI,RJ
8732.0,VI,DL
8733.0,VI,DL
8734.0,VI,DL
8735.0,VI,DL
8736.0,VI,KA
8737.0,VI,KA
8738.0,VI,KA
8739.0,VI,KA
8740.0,,
8741.0,,
8742.0,,
8743.0,,
8744.0,,
8745.0,,
8746.0,,
8747.0,,
8748.0,,
8749.0,,
,,
8800.0,AT,DL
8801.0,,
8802.0,,
8803.0,,
8804.0,,
8805.0,VI,MH
8806.0,VI,MH
8807.0,AT,TN
8808.0,VI,UE
8809.0,AT,BR
8810.0,RJ,DL
8811.0,AT,AS
8812.0,,
8813.0,VI,HR
8814.0,VI,HR
8815.0,RJ,MP
8816.0,VI,HR
8817.0,,
8818.0,,
8819.0,,
8820.0,,
8821.0,,
8822.0,,
8823.0,VI,MP
8824.0,RJ,RJ
8825.0,RJ,JK
8826.0,AT,DL
8827.0,AT,MP
8828.0,VI,MU
8829.0,,
8830.0,,
8831.0,,
8832.0,,
8833.0,,
8834.0,,
8835.0,,
8836.0,,
8837.0,,
8838.0,RJ,TN
8839.0,RJ,MP
8840.0,RJ,UE
8841.0,,
8842.0,,
8843.0,,
8844.0,,
8845.0,,
8846.0,,
8847.0,,
8848.0,RJ,KL
8849.0,RJ,GJ
8900.0,CG,WB
8901.0,CG,HR
8902.0,CG,KO
8903.0,CG,TN
8904.0,,
8905.0,AT,RJ
8906.0,,
8907.0,,
8908.0,,
8909.0,,
8910.0,RJ,KO
8911.0,,
8912.0,,
8913.0,,
8914.0,,
8915.0,,
8916.0,,
8917.0,RJ,OR
8918.0,RJ,WB
8919.0,RJ,AP
8920.0,RJ,DL
8921.0,RJ,KL
8922.0,,
8923.0,AT,UW
8924.0,,
8925.0,,
8926.0,,
8927.0,,
8928.0,,
8929.0,VI,DL
8930.0,VI,HR
8931.0,,
8932.0,,
8933.0,VI,UE
8934.0,VI,UE
8935.0,VI,UE
8936.0,,
8937.0,,
8938.0,VI,UW
8939.0,VI,CH
8940.0,VI,TN
8941.0,,
8942.0,,
8943.0,VI,KL
8944.0,,
8945.0,,
8946.0,,
8947.0,,
8948.0,VI,UE
8949.0,RJ,RJ
7000.0,RJ,MP
7001.0,RJ,WB
7002.0,RJ,AS
7003.0,RJ,KO
7004.0,RJ,BR
7005.0,RJ,NE
7006.0,RJ,JK
7007.0,RJ,UE
7008.0,RJ,OR
7009.0,RJ,PB
7010.0,RJ,TN
7011.0,RJ,DL
7012.0,RJ,KL
7013.0,RJ,AP
7014.0,RJ,RJ
7015.0,RJ,HR
7016.0,RJ,GJ
7017.0,RJ,UW
7018.0,RJ,HP
7019.0,RJ,KA
7020.0,RJ,MH
7021.0,RJ,MU
7022.0,AT,KA
7023.0,AT,RJ
7024.0,AT,MP
7025.0,VI,KL
7026.0,VI,KA
7027.0,VI,HR
7028.0,AT,MH
7029.0,RJ,WB
7030.0,VI,MH
7031.0,,
7032.0,AT,AP
7033.0,AT,BR
7034.0,VI,KL
7035.0,,
7036.0,VI,AP
7037.0,,
7038.0,VI,MH
7039.0,VI,MU
7040.0,,
7041.0,,
7042.0,AT,DL
7043.0,AT,GJ
7044.0,AT,KO
7045.0,VI,MU
7046.0,VI,GJ
7047.0,AT,WB
7048.0,RJ,DL
7049.0,VI,MP
7050.0,AT,BR
7051.0,AT,JK
7052.0,VI,UE
7053.0,,
7054.0,AT,UE
7055.0,VI,UW
7056.0,VI,HR
7057.0,VI,MH
7058.0,,
7059.0,CG,
7060.0,AT,UW
7061.0,RJ,BR
7062.0,,RJ
7063.0,AT,WB
7064.0,VI,OR
7065.0,VI,DL
7066.0,VI,MH
7067.0,RJ,MP
7068.0,AT,UE
7069.0,VI,GJ
7070.0,AT,BR
7071.0,AC,UE
7072.0,VI,GJ
7073.0,AT,RJ
7074.0,VI,WB
7075.0,,
7076.0,VI,WB
7077.0,AT,OR
7078.0,,UW
7079.0,VI,BR
7080.0,AT,UE
7081.0,VI,UE
7082.0,AT,HR
7083.0,VI,MH
7084.0,VI,UE
7085.0,AT,NE
7086.0,AT,AS
7087.0,AT,PB
7088.0,VI,UW
7089.0,VI,MP
7090.0,VI,KA
7091.0,AT,BR
7092.0,VI,TN
7093.0,AT,AP
7094.0,VI,TN
7095.0,VI,AP
7096.0,VI,GJ
7097.0,,AP
7098.0,,
7099.0,,AS
7100.0,,
7101.0,,
7102.0,VI,KL
7103.0,RJ,MH
7104.0,,
7105.0,,
7106.0,,
7107.0,,
7108.0,,
7109.0,,
7110.0,,
7111.0,,
7112.0,,
7113.0,,
7114.0,,
7115.0,,
7116.0,,
7117.0,,
7118.0,,
7119.0,,
7120.0,,
7121.0,,
7122.0,,
7123.0,,
7124.0,,
7125.0,,
7126.0,,
7127.0,,
7128.0,,
7129.0,,
7130.0,,
7131.0,,
7132.0,,
7133.0,,
7134.0,,
7135.0,,
7136.0,,
7137.0,,
7138.0,AT,TN
7139.0,,
7140.0,,
7141.0,,
7142.0,,
7143.0,,
7144.0,,
7145.0,,
7146.0,,
7147.0,,
7148.0,,
7149.0,,
7150.0,,
7151.0,,
7152.0,,
7153.0,,
7154.0,,
7155.0,,
7156.0,,
7157.0,,
7158.0,,
7159.0,,
7160.0,,
7161.0,,
7162.0,,
7163.0,,
7164.0,,
7165.0,,
7166.0,,
7167.0,,
7168.0,,
7169.0,,
7170.0,,
7171.0,,
7172.0,,
7173.0,,
7174.0,,
7175.0,,
7176.0,,
7177.0,,
7178.0,,
7179.0,,
7180.0,,
7181.0,,
7182.0,,
7183.0,,
7184.0,,
7185.0,,
7186.0,,
7187.0,,
7188.0,,
7189.0,,
7190.0,,
7191.0,,
7192.0,,
7193.0,,
7194.0,,
7195.0,,
7196.0,,
7197.0,,
7198.0,,
7199.0,,
7200.0,,
7201.0,,
7202.0,,
7203.0,,
7204.0,,
7205.0,,
7206.0,,
7207.0,AT,HR
7208.0,,
7209.0,AT,MU
7210.0,,
7211.0,,
7212.0,,
7213.0,,
7214.0,,
7215.0,,
7216.0,,
7217.0,,
7218.0,RJ,DL
7219.0,,
7220.0,AT,MH
7221.0,,
7222.0,,
7223.0,,
7224.0,,
7225.0,,
7226.0,,
7227.0,,
7228.0,,
7229.0,,
7230.0,VI,RJ
7231.0,,
7232.0,,
7233.0,,
7234.0,,
7235.0,,
7236.0,,
7237.0,,
7238.0,VI,UE
7239.0,,
7240.0,,
7241.0,,
7242.0,,
7243.0,,
7244.0,,
7245.0,,
7246.0,,
7247.0,,
7248.0,,
7249.0,,
7250.0,VI,UW
7251.0,AT,BR
7252.0,VI,UW
7253.0,VI,UW
7254.0,VI,UW
7255.0,VI,BR
7256.0,VI,BR
7257.0,VI,BR
7258.0,VI,BR
7259.0,AT,BR
7260.0,AT,KA
7261.0,AT,BR
7262.0,AT,BR
7263.0,VI,MH
7264.0,VI,MH
7265.0,VI,MH
7266.0,,
7267.0,,
7268.0,,
7269.0,,
7270.0,,
7271.0,,
7272.0,,
7273.0,,
7274.0,,
7275.0,,
7276.0,,
7277.0,,
7278.0,,
7279.0,,
7280.0,,
7281.0,VI,BR
7282.0,VI,BR
7283.0,VI,BR
7284.0,VI,BR
7285.0,,
7286.0,,
7287.0,,
7288.0,,
7289.0,,
7290.0,VI,DL
7291.0,VI,DL
7292.0,VI,DL
7293.0,VI,DL
7294.0,,
7295.0,,
7296.0,,
7297.0,,
7298.0,,
7299.0,,
7300.0,AT,UW
7301.0,,
7302.0,AT,UW
7303.0,RJ,DL
7304.0,,
7305.0,AT,TN
7306.0,RJ,KL
7307.0,RJ,UE
7308.0,,
7309.0,VI,UE
7310.0,AT,UW
7311.0,VI,UE
7312.0,,
7313.0,,
7314.0,,
7315.0,,
7316.0,,
7317.0,,
7318.0,,
7319.0,AT,BR
7320.0,,
7321.0,,
7322.0,VI,BR
7323.0,VI,BR
7324.0,VI,BR
7325.0,AT,OR
7326.0,,
7327.0,,
7328.0,,
7329.0,,
7330.0,,
7331.0,,
7332.0,,
7333.0,,
7334.0,,
7335.0,,
7336.0,,
7337.0,AT,KA
7338.0,AT,KA
7339.0,,
7340.0,,
7341.0,,
7342.0,,
7343.0,,
7344.0,,
7345.0,,
7346.0,,
7347.0,AT,PB
7348.0,AT,KA
7349.0,AT,KA
7350.0,VI,MH
7351.0,VI,UW
7352.0,VI,BR
7353.0,VI,KA
7354.0,VI,MP
7355.0,RJ,UE
7356.0,AT,KL
7357.0,AT,RJ
7358.0,AT,TN
7359.0,VI,GJ
7360.0,VI,BR
7361.0,VI,BR
7362.0,VI,BR
7363.0,,
7364.0,,
7365.0,,
7366.0,,
7367.0,,
7368.0,,
7369.0,,
7370.0,VI,BR
7371.0,,
7372.0,,
7373.0,,
7374.0,AT,RJ
7375.0,,
7376.0,CG,UE
7377.0,VI,OR
7378.0,,
7379.0,VI,UE
7380.0,AT,PB
7381.0,VI,OR
7382.0,CG,AP
7383.0,VI,GJ
7384.0,,
7385.0,AT,MH
7386.0,,
7387.0,AT,MH
7388.0,AT,UE
7389.0,AT,MP
7390.0,,
7391.0,,
7392.0,,
7393.0,,
7394.0,,
7395.0,,
7396.0,AT,AP
7397.0,,
7398.0,,
7399.0,,
7400.0,AT,MU
7401.0,,
7402.0,,
7403.0,,
7404.0,,
7405.0,,
7406.0,VI,KA
7407.0,VI,WB
7408.0,VI,UE
7409.0,VI,UW
7410.0,,
7411.0,,
7412.0,,
7413.0,,
7414.0,,
7415.0,,
7416.0,,
7417.0,,
7418.0,,
7419.0,RJ,HR
7420.0,,
7421.0,,
7422.0,,
7423.0,,
7424.0,,
7425.0,,
7426.0,,
7427.0,VI,WB
7428.0,,
7429.0,,
7430.0,,
7431.0,,
7432.0,,
7433.0,,
7434.0,,
7435.0,,
7436.0,,
7437.0,,
7438.0,,
7439.0,,
7440.0,,
7441.0,,
7442.0,,
7443.0,,
7444.0,,
7445.0,,
7446.0,,
7447.0,,
7448.0,,
7449.0,VI,KO
7450.0,VI,KO
7451.0,,
7452.0,,
7453.0,,
7454.0,,
7455.0,,
7456.0,,
7457.0,,
7458.0,,
7459.0,,
7460.0,,
7461.0,,
7462.0,,
7463.0,AT,BR
7464.0,,
7465.0,,
7466.0,,
7467.0,,
7468.0,,
7469.0,,
7470.0,,
7471.0,,
7472.0,,
7473.0,,
7474.0,VI,GJ
7475.0,,
7476.0,,
7477.0,,
7478.0,,
7479.0,,
7480.0,,
7481.0,,
7482.0,,
7483.0,RJ,KA
7484.0,,
7485.0,,
7486.0,,
7487.0,,
7488.0,RJ,BR
7489.0,,
7490.0,AT,GJ
7491.0,VI,BR
7492.0,,
7493.0,VI,BR
7494.0,VI,BR
7495.0,,
7496.0,,
7497.0,,
7498.0,,
7499.0,,
7500.0,VI,UW
7501.0,,
7502.0,,
7503.0,,
7504.0,,
7505.0,,
7506.0,VI,MU
7507.0,VI,MH
7508.0,VI,PB
7509.0,,
7510.0,VI,KL
7511.0,,
7512.0,,
7513.0,,
7514.0,,
7515.0,,
7516.0,,
7517.0,VI,MH
7518.0,AT,UE
7519.0,,
7520.0,VI,BR
7521.0,,
7522.0,,
7523.0,,
7524.0,,
7525.0,,
7526.0,,
7527.0,,
7528.0,,
7529.0,,
7530.0,,
7531.0,,
7532.0,,
7533.0,,
7534.0,VI,UP
7535.0,,
7536.0,,
7537.0,,
7538.0,,
7539.0,,
7540.0,AT,TN
7541.0,,
7542.0,,
7543.0,AT,BR
7544.0,VI,BR
7545.0,VI,BR
7546.0,VI,BR
7547.0,VI,BR
7548.0,,
7549.0,VI,BR
7550.0,,
7551.0,,
7552.0,,
7553.0,,
7554.0,,
7555.0,,
7556.0,,
7557.0,VI,BR
7558.0,,
7559.0,VI,KL
7560.0,,
7561.0,,
7562.0,VI,BR
7563.0,VI,BR
7564.0,VI,BR
7565.0,,
7566.0,VI,MP
7567.0,VI,GJ
7568.0,AT,RJ
7569.0,,
7570.0,VI,UE
7571.0,,
7572.0,,
7573.0,,
7574.0,,
7575.0,VI,GJ
7576.0,,
7577.0,VI,AS
7578.0,,
7579.0,CG,UW
7580.0,,
7581.0,,
7582.0,,
7583.0,,
7584.0,,
7585.0,AT,WB
7586.0,,
7587.0,CG,MP
7588.0,CG,MH
7589.0,CG,PB
7590.0,,
7591.0,,
7592.0,VI,KL
7593.0,,
7594.0,VI,KL
7595.0,,
7596.0,,
7597.0,CG,RJ
7598.0,CG,TN
7599.0,CG,UW
7600.0,VI,GJ
7601.0,,
7602.0,AT,WB
7603.0,,
7604.0,RJ,TN
7605.0,,
7606.0,,
7607.0,AT,UE
7608.0,,
7609.0,VI,UW
7610.0,,
7611.0,,
7612.0,,
7613.0,,
7614.0,,
7615.0,,
7616.0,,
7617.0,VI,MP
7618.0,,
7619.0,AT,KA
7620.0,,
7621.0,,
7622.0,,
7623.0,,
7624.0,AT,KA
7625.0,AT,KA
7626.0,,
7627.0,,
7628.0,,
7629.0,,
7630.0,,
7631.0,VI,BR
7632.0,,
7633.0,,
7634.0,,
7635.0,,
7636.0,AT,AS
7637.0,,
7638.0,,
7639.0,VI,TN
7640.0,,
7641.0,,
7642.0,,
7643.0,,
7644.0,,
7645.0,,
7646.0,,
7647.0,,
7648.0,,
7649.0,,
7650.0,,
7651.0,,
7652.0,,
7653.0,,
7654.0,VI,BR
7655.0,,
7656.0,,
7657.0,,
7658.0,VI,AP
7659.0,VI,AP
7660.0,,
7661.0,,
7662.0,,
7663.0,,
7664.0,,
7665.0,VI,RJ
7666.0,RJ,MH
7667.0,RJ,BR
7668.0,RJ,UE
7669.0,VI,DL
7670.0,,
7671.0,RJ,AP
7672.0,,
7673.0,,
7674.0,,
7675.0,AT,AP
7676.0,RJ,KA
7677.0,,
7678.0,RJ,DL
7679.0,,
7680.0,,
7681.0,,
7682.0,,
7683.0,,
7684.0,,
7685.0,,
7686.0,,
7687.0,,
7688.0,,
7689.0,,
7690.0,VI,RJ
7691.0,,
7692.0,,
7693.0,,
7694.0,,
7695.0,,
7696.0,AT,PB
7697.0,VI,MP
7698.0,VI,GJ
7699.0,VI,WB
7700.0,AT,BR
7701.0,RJ,DL
7702.0,AT,AP
7703.0,RJ,DL
7704.0,,
7705.0,,
7706.0,,
7707.0,VI,BR
7708.0,AT,TN
7709.0,AT,MH
7710.0,AT,MU
7711.0,,
7712.0,,
7713.0,,
7714.0,,
7715.0,,
7716.0,,
7717.0,RJ,BR
7718.0,AT,MU
7719.0,VI,MH
7720.0,VI,MH
7721.0,VI,MH
7722.0,,
7723.0,,
7724.0,,
7725.0,,
7726.0,,
7727.0,AT,RJ
7728.0,,
7729.0,,
7730.0,,
7731.0,VI,AP
7732.0,,
7733.0,,
7734.0,,
7735.0,,
7736.0,AT,KL
7737.0,AT,RJ
7738.0,AT,MU
7739.0,AT,BR
7740.0,,
7741.0,VI,MH
7742.0,AT,RJ
7743.0,,
7744.0,,
7745.0,VI,MH
7746.0,,
7747.0,,
7748.0,,
7749.0,,
7750.0,,
7751.0,,
7752.0,,
7753.0,,
7754.0,AT,UE
7755.0,AT,UE
7756.0,AT,MH
7757.0,AT,MH
7758.0,,
7759.0,,
7760.0,AT,KA
7761.0,,
7762.0,AT,BR
7763.0,AT,BR
7764.0,AT,BR
7765.0,,
7766.0,,
7767.0,VI,MH
7768.0,VI,MH
7769.0,,
7770.0,VI,MH
7771.0,,
7772.0,,
7773.0,,
7774.0,VI,MH
7775.0,VI,MH
7776.0,,
7777.0,,
7778.0,,
7779.0,,
7780.0,VI,BR
7781.0,,
7782.0,,
7783.0,,
7784.0,,
7785.0,,
7786.0,,
7787.0,,
7788.0,VI,AP
7789.0,,
7790.0,,
7791.0,,
7792.0,,
7793.0,,
7794.0,,
7795.0,,
7796.0,,
7797.0,VI,WB
7798.0,VI,MH
7799.0,VI,AP
,,
7800.0,VI,UE
7801.0,,
7802.0,,
7803.0,,
7804.0,,
7805.0,,
7806.0,,
7807.0,AT,HP
7808.0,VI,BR
7809.0,,
7810.0,,
7811.0,,
7812.0,,
7813.0,,
7814.0,,
7815.0,,
7816.0,,
7817.0,,
7818.0,,
7819.0,,
7820.0,,
7821.0,,
7822.0,,
7823.0,,
7824.0,,
7825.0,,
7826.0,,
7827.0,RJ,DL
7828.0,,
7829.0,VI,KA
7830.0,VI,UW
7831.0,,
7832.0,,
7833.0,VI,HP
7834.0,VI,DL
7835.0,VI,DL
7836.0,VI,DL
7837.0,VI,PB
7838.0,VI,DL
7839.0,CG,UE
7840.0,VI,DL
7841.0,,
7842.0,,
7843.0,,
7844.0,,
7845.0,,
7846.0,,
7847.0,,
7848.0,,
7849.0,,
7850.0,,
7851.0,,
7852.0,,
7853.0,,
7854.0,,
7855.0,,
7856.0,,
7857.0,,
7858.0,,
7859.0,,
7860.0,VI,UE
7861.0,,
7862.0,,
7863.0,,
7864.0,,
7865.0,,
7866.0,,
7867.0,,
7868.0,,
7869.0,AT,MP
7870.0,AT,BR
7871.0,RJ,TN
7872.0,VI,WB
7873.0,VI,OR
7874.0,VI,GJ
7875.0,VI,MH
7876.0,RJ,HP
7877.0,RJ,RJ
7878.0,RJ,RJ
7879.0,RJ,WB
7880.0,AT,UE
7881.0,,
7882.0,,
7883.0,,
7884.0,,
7885.0,,
7886.0,,
7887.0,VI,MH
7888.0,RJ,PB
7889.0,RJ,JK
7890.0,VI,KO
7891.0,VI,RJ
7892.0,RJ,KA
7893.0,AT,AP
7894.0,AT,OR
7895.0,AT,UW
7896.0,AT,AS
7897.0,AT,UE
7898.0,AT,MP
7899.0,AT,KA
7900.0,,
7901.0,,
7902.0,,
7903.0,CG,AP
7904.0,VI,KL
7905.0,RJ,BR
7906.0,RJ,TN
7907.0,RJ,UE
7908.0,RJ,UW
7909.0,RJ,KL
7910.0,RJ,WB
7911.0,,
7912.0,,
7913.0,,
7914.0,,
7915.0,,
7916.0,,
7917.0,,
7918.0,,
7919.0,,
7920.0,,
7921.0,,
7922.0,,
7923.0,,
7924.0,,
7925.0,,
7926.0,,
7927.0,,
7928.0,,
7929.0,,
7930.0,,
7931.0,,
7932.0,,
7933.0,,
7934.0,,
7935.0,,
7936.0,,
7937.0,,
7938.0,,
7939.0,,
7940.0,,
7941.0,,
7942.0,,
7943.0,,
7944.0,,
7945.0,,
7946.0,,
7947.0,,
7948.0,,
7949.0,,
7950.0,,
7951.0,,
7952.0,,
7953.0,,
7954.0,,
7955.0,,
7956.0,,
7957.0,,
7958.0,,
7959.0,,
7960.0,,
7961.0,,
7962.0,,
7963.0,,
7964.0,,
7965.0,,
7966.0,,
7967.0,,
7968.0,,
7969.0,,
7970.0,,
7971.0,,
7972.0,,
7973.0,,
7974.0,RJ,MH
7975.0,RJ,PB
7976.0,RJ,MP
7977.0,RJ,KA
7978.0,RJ,RJ
7979.0,RJ,MU
7980.0,RJ,OR
7981.0,RJ,BR
7982.0,RJ,KO
7983.0,RJ,AP
7984.0,RJ,DL
7985.0,RJ,UW
7986.0,RJ,GJ
7987.0,RJ,UE
7988.0,RJ,PB
7989.0,RJ,MP
7990.0,RJ,HR
7991.0,RJ,AP
7992.0,RJ,GJ
7993.0,RJ,BR
7994.0,RJ,BR
7995.0,,AP
7996.0,AT,KL
7997.0,AT,AP
7998.0,VI,KA
7999.0,VI,AP
,,
,RJ,MP
6014,,
6015,,
6016,,
6017,,
6018,,
6019,,
6020,,
6021,,
6022,,
6023,,
6024,,
6025,,
6026,,
6027,,
6028,,
6029,,
6030,,
6031,,
6032,,
6033,,
6034,,
6035,,
6036,,
6037,,
6038,,
6039,,
6040,,
6041,,
6042,,
6043,,
6044,,
6045,,
6046,,
6047,,
6048,,
6049,,
6050,,
6051,,
6052,,
6053,,
6054,,
6055,,
6056,,
6057,,
6058,,
6059,,
6060,,
6061,,
6062,,
6063,,
6064,,
6065,,
6066,,
6067,,
6068,,
6069,,
6070,,
6071,,
6072,,
6073,,
6074,,
6075,,
6076,,
6077,,
6078,,
6079,,
6080,,
6081,,
6082,,
6083,,
6084,,
6085,,
6086,,
6087,,
6088,,
6089,,
6090,,
6091,,
6092,,
6093,,
6094,,
6095,,
6096,,
6097,,
6098,,
6099,,
6100,,
6101,,
6102,,
6103,,
6104,,
6105,,
6106,,
6107,,
6108,,
6109,AP,
6110,,
6111,,
6112,,
6113,,
6114,,
6115,,
6116,,
6117,,
6118,,
6119,,
6120,,
6121,,
6122,,
6123,,
6124,,
6125,,
6126,,
6127,,
6128,,
6129,,
6130,,
6131,,
6132,,
6133,,
6134,,
6135,,
6136,,
6137,,
6138,,
6139,,
6140,,
6141,,
6142,,
6143,,
6144,,
6145,,
6146,,
6147,,
6148,,
6149,,
6150,,
6151,,
6152,,
6153,,
6154,,
6155,,
6156,,
6157,,
6158,,
6159,,
6160,,
6161,,
6162,,
6163,,
6164,,
6165,,
6166,,
6167,,
6168,,
6169,,
6170,,
6171,,
6172,,
6173,,
6174,,
6175,,
6176,,
6177,,
6178,,
6179,,
6180,,
6181,,
6182,,
6183,,
6184,,
6185,,
6186,,
6187,,
6188,,
6189,,
6190,,
6191,,
6192,,
6193,,
6194,,
6195,,
6196,,
6197,,
6198,,
6199,,
6200,,
6201,,
6202,RJ,BR
6203,RJ,BR
6204,RJ,BR
6205,RJ,BR
6206,RJ,BR
6207,RJ,BR
6208,,
6209,AT,BR
6210,,
6211,,
6212,,
6213,,
6214,,
6215,,
6216,,
6217,,
6218,,
6219,,
6220,,
6221,,
6222,,
6223,,
6224,,
6225,,
6226,,
6227,,
6228,,
6229,,
6230,AT,DL
6231,,
6232,AT,MP
6233,,
6234,,
6235,VI,KL
6236,,
6237,,
6238,RJ,KL
6239,,
6240,,
6241,,
6242,,
6243,,
6244,,
6245,,
6246,,
6247,,
6248,,
6249,,
6250,,
6251,,
6252,,
6253,,
6254,,
6255,,
6256,,
6257,,
6258,,
6259,,
6260,RJ,MP
6261,RJ,MP
6262,VI,MP
6263,RJ,MP
6264,RJ,MP
6265,RJ,MP
6266,RJ,MP
6267,RJ,MP
6268,RJ,MP
6269,VI,MP
6270,,
6271,,
6272,,
6273,,
6274,,
6275,,
6276,,
6277,,
6278,,
6279,,
6280,RJ,PB
6281,,
6282,RJ,KL
6283,RJ,PB
6284,RJ,PB
6285,,
6286,,
6287,AT,BR
6288,,
6289,,
6290,RJ,KO
6291,RJ,KO
6292,,
6293,,
6294,,
6295,,
6296,,
6297,,
6298,,
6299,,
6300,,
6301,,
6302,,
6303,RJ,AP
6304,RJ,AP
6305,RJ,AP
6306,RJ,AP
6307,,
6308,RJ,UE
6309,RJ,UE
6310,,
6311,,
6312,,
6313,,
6314,,
6315,,
6316,,
6317,,
6318,,
6319,,
6320,,
6321,,
6322,,
6323,,
6324,,
6325,,
6326,,
6327,,
6328,,
6329,,
6330,,
6331,,
6332,,
6333,,
6334,,
6335,,
6336,,
6337,,
6338,,
6339,,
6340,,
6341,,
6342,,
6343,,
6344,,
6345,,
6346,,
6347,,
6348,,
6349,,
6350,,
6351,,
6352,,
6353,RJ,GJ
6354,RJ,GJ
6355,,
6356,RJ,GJ
6357,RJ,GJ
6358,,
6359,,
6360,,
6361,VI,GJ
6362,RJ,KA
6363,RJ,KA
6364,RJ,KA
6365,RJ,KA
6366,AT,KA
6367,,
6368,AT,KA
6369,RJ,RJ
6370,,
6371,,
6372,RJ,OR
6373,RJ,OR
6374,RJ,OR
6375,,
6376,RJ,TN
6377,RJ,RJ
6378,RJ,RJ
6379,RJ,RJ
6380,RJ,RJ
6381,,
6382,RJ,TN
6383,RJ,TN
6384,RJ,TN
6385,RJ,TN
6386,,
6387,AT,TN
6388,RJ,UE
6389,RJ,UE
6390,RJ,UE
6391,VI,UE
6392,,
6393,VI,UE
